{
  "indexing_performance": {
    "resolutions": [
      6,
      7,
      8,
      9
    ],
    "h3_times": [
      0.02510690689086914,
      0.033373117446899414,
      0.028014183044433594,
      0.02988123893737793
    ],
    "square_times": [
      0.014833927154541016,
      0.015587806701660156,
      0.015188932418823242,
      0.015257120132446289
    ]
  },
  "neighbor_performance": {
    "k_values": [
      1,
      2,
      3,
      4,
      5
    ],
    "h3_times": [
      0.0038290023803710938,
      0.005057096481323242,
      0.008775949478149414,
      0.013679742813110352,
      0.020878076553344727
    ],
    "square_times": [
      0.0011491775512695312,
      0.0026471614837646484,
      0.004804849624633789,
      0.007703065872192383,
      0.010967016220092773
    ]
  },
  "coverage_efficiency": {
    "h3_cell_count": 5,
    "square_cell_count": 2098,
    "h3_coverage_time": 0.00010013580322265625,
    "square_coverage_time": 0.001194000244140625,
    "h3_coverage_ratio": 1.1734933221808377,
    "square_coverage_ratio": 1.2555142263630188
  },
  "aggregation_performance": {
    "h3_time": 0.0924229621887207,
    "square_time": 0.1399538516998291,
    "h3_cell_count": 672,
    "square_cell_count": 43975,
    "speed_ratio": 1.5142757642203017
  },
  "range_query_performance": {
    "h3_times": [
      0.00039005279541015625,
      0.005278110504150391,
      0.001316070556640625
    ],
    "square_times": [
      0.0002570152282714844,
      0.0035238265991210938,
      0.0010640621185302734
    ],
    "avg_h3_time": 0.002328077952067057,
    "avg_square_time": 0.001614967981974284,
    "avg_ratio": 0.6936915409298833
  }
}