{
  "timestamp": "2025-06-08T15:53:22.999113",
  "summary": {
    "total_tests": 5,
    "h3_wins": 0,
    "square_wins": 2,
    "performance_gap_avg": 0.47736558746217994
  },
  "detailed_results": {
    "indexing_performance": {
      "resolutions": [
        6,
        7,
        8,
        9
      ],
      "h3_times": [
        0.02510690689086914,
        0.033373117446899414,
        0.028014183044433594,
        0.02988123893737793
      ],
      "square_times": [
        0.014833927154541016,
        0.015587806701660156,
        0.015188932418823242,
        0.015257120132446289
      ]
    },
    "neighbor_performance": {
      "k_values": [
        1,
        2,
        3,
        4,
        5
      ],
      "h3_times": [
        0.0038290023803710938,
        0.005057096481323242,
        0.008775949478149414,
        0.013679742813110352,
        0.020878076553344727
      ],
      "square_times": [
        0.0011491775512695312,
        0.0026471614837646484,
        0.004804849624633789,
        0.007703065872192383,
        0.010967016220092773
      ]
    },
    "coverage_efficiency": {
      "h3_cell_count": 5,
      "square_cell_count": 2098,
      "h3_coverage_time": 0.00010013580322265625,
      "square_coverage_time": 0.001194000244140625,
      "h3_coverage_ratio": 1.1734933221808377,
      "square_coverage_ratio": 1.2555142263630188
    },
    "aggregation_performance": {
      "h3_time": 0.0924229621887207,
      "square_time": 0.1399538516998291,
      "h3_cell_count": 672,
      "square_cell_count": 43975,
      "speed_ratio": 1.5142757642203017
    },
    "range_query_performance": {
      "h3_times": [
        0.00039005279541015625,
        0.005278110504150391,
        0.001316070556640625
      ],
      "square_times": [
        0.0002570152282714844,
        0.0035238265991210938,
        0.0010640621185302734
      ],
      "avg_h3_time": 0.002328077952067057,
      "avg_square_time": 0.001614967981974284,
      "avg_ratio": 0.6936915409298833
    }
  },
  "recommendations": [
    "사각형 그리드가 일부 용도에서 경쟁력을 보입니다. 용도에 따라 선택하세요.",
    "인근 검색이 중요한 애플리케이션에서는 H3를 선택하세요.",
    "단순한 범위 검색만 필요하다면 사각형 그리드도 고려해보세요.",
    "대용량 데이터 처리 시 배치 처리와 인덱싱을 최적화하세요."
  ]
}